chembl_id,created_at,disease_association_count,disease_associations,druggability_tier,entrez_id,function_description,gene_names,go_terms,homology_human_pct,id,name,protein_family,protein_length,safety_flags,selectivity_group,subcellular_location,symbol,target_class,tissue_expression,uniprot_id,updated_at,validation_level
CHEMBL2041,2026-04-17 03:31:13.775799+00:00,,,,,,,,,RET,Proto-oncogene tyrosine-protein kinase receptor Ret,,,,,,RET,Receptor tyrosine kinase,,P07949,2026-04-17 03:31:13.775799+00:00,
CHEMBL2189121,2026-04-17 03:31:13.775799+00:00,,,,,,,,,KRAS,GTPase KRas,,,,,,KRAS,GTPase,,P01116,2026-04-17 03:31:13.775799+00:00,
CHEMBL4898,2026-04-17 03:31:13.775799+00:00,,,,,,,,,NTRK2,BDNF/NT-3 growth factors receptor,,,,,,NTRK2,Receptor tyrosine kinase,,Q16620,2026-04-17 03:31:13.775799+00:00,
CHEMBL5608,2026-04-17 03:31:13.775799+00:00,,,,,,,,,NTRK3,NT-3 growth factor receptor,,,,,,NTRK3,Receptor tyrosine kinase,,Q16288,2026-04-17 03:31:13.775799+00:00,
CHEMBL5838,2026-04-17 03:31:13.775799+00:00,,,,,,,,,ERBB3,Receptor tyrosine-protein kinase erbB-3,,,,,,ERBB3,Receptor tyrosine kinase,,P21860,2026-04-17 03:31:13.775799+00:00,
CHEMBL3650,2026-04-17 03:31:13.775799+00:00,,,,,,,,,FGFR1,Fibroblast growth factor receptor 1,,,,,,FGFR1,Receptor tyrosine kinase,,P11362,2026-04-17 03:31:13.775799+00:00,
CHEMBL4142,2026-04-17 03:31:13.775799+00:00,,,,,,,,,FGFR2,Fibroblast growth factor receptor 2,,,,,,FGFR2,Receptor tyrosine kinase,,P21802,2026-04-17 03:31:13.775799+00:00,
CHEMBL1936,2026-04-17 03:31:13.775799+00:00,,,,,,,,,KIT,Mast/stem cell growth factor receptor Kit,,,,,,KIT,Receptor tyrosine kinase,,P10721,2026-04-17 03:31:13.775799+00:00,
CHEMBL1913,2026-04-17 03:31:13.775799+00:00,,,,,,,,,PDGFRB,Platelet-derived growth factor receptor beta,,,,,,PDGFRB,Receptor tyrosine kinase,,P09619,2026-04-17 03:31:13.775799+00:00,
CHEMBL5034,2026-04-17 03:32:12.154155+00:00,,,,,,,,,GCH1,GTP cyclohydrolase 1,,,,,,GCH1,Enzyme,,O75899,2026-04-17 03:32:12.154155+00:00,
CHEMBL224,2026-04-17 03:32:12.154155+00:00,,,,,,,,,GRM5,Metabotropic glutamate receptor 5,,,,,,GRM5,GPCR,,P41594,2026-05-09 07:54:33.047219+00:00,
CHEMBL1075319,2026-04-17 03:32:12.154155+00:00,,,,,,,,,TRPC6,Transient receptor potential cation channel subfamily C member 6,,,,,,TRPC6,Ion channel,,Q7Z2W7,2026-04-17 03:32:12.154155+00:00,
CHEMBL1843,2026-04-17 03:32:12.154155+00:00,,,,,,,,,DDC,Aromatic-L-amino-acid decarboxylase,,,,,,DDC,Enzyme,,P20711,2026-04-17 03:32:12.154155+00:00,
CHEMBL4630,2026-04-17 03:31:13.775799+00:00,,,,,,,,,CHEK1,Serine/threonine-protein kinase Chk1,,,,,,CHEK1,Kinase,,O14757,2026-04-17 03:31:13.775799+00:00,
CHEMBL2815,2026-04-17 03:31:13.775799+00:00,,,,,,,,,NTRK1,High affinity nerve growth factor receptor,,,,,,NTRK1,Receptor tyrosine kinase,,P04629,2026-04-17 03:31:13.775799+00:00,
CHEMBL2007,2026-04-17 03:31:13.775799+00:00,,,,,,,,,PDGFRA,Platelet-derived growth factor receptor alpha,,,,,,PDGFRA,Receptor tyrosine kinase,,P16234,2026-04-17 03:31:13.775799+00:00,
CHEMBL1841,2026-04-17 03:37:13.006169+00:00,,,,,,,,,FYN,Tyrosine-protein kinase Fyn,,,,,,FYN,Kinase,,P06241,2026-04-17 03:37:13.006169+00:00,
CHEMBL3338,2026-04-17 03:32:12.154155+00:00,,,,,,,,,FDFT1,FDFT1,,,,,,FDFT1,,,P37268,2026-04-17 03:32:12.154155+00:00,
CHEMBL2414,2026-04-17 03:32:12.154155+00:00,,,,,,,,,CCRL2,C-C chemokine receptor-like 2,,,,,,CCRL2,GPCR,,P51679,2026-04-17 03:32:12.154155+00:00,
CHEMBL4607,2026-04-17 03:32:12.154155+00:00,,,,,,,,,AGTR2,AGTR2,,,,,,AGTR2,,,P50052,2026-04-17 03:32:12.154155+00:00,
CHEMBL213,2026-04-17 03:32:12.154155+00:00,,,,,,,,,ADRB1,Beta-1 adrenergic receptor,,,,,,ADRB1,GPCR,,P08588,2026-04-17 03:32:12.154155+00:00,
CHEMBL229,2026-04-17 03:32:12.154155+00:00,,,,,,,,,ADRA1A,ADRA1A,,,,,,ADRA1A,,,P35348,2026-04-17 03:32:12.154155+00:00,
CHEMBL252,2026-04-17 03:32:12.154155+00:00,,,,,,,,,EDNRA,Endothelin receptor type A,,,,,,EDNRA,GPCR,,P25101,2026-04-17 03:32:12.154155+00:00,
CHEMBL279,2026-04-17 03:31:13.775799+00:00,,,,,,,,,KDR,Vascular endothelial growth factor receptor 2,,,,,,KDR,Receptor tyrosine kinase,,P35968,2026-04-17 03:31:13.775799+00:00,
CHEMBL1868,2026-04-17 03:31:13.775799+00:00,,,,,,,,,FLT1,Vascular endothelial growth factor receptor 1,,,,,,FLT1,Receptor tyrosine kinase,,P17948,2026-04-17 03:31:13.775799+00:00,
CHEMBL1955,2026-04-17 03:31:13.775799+00:00,,,,,,,,,FLT4,Vascular endothelial growth factor receptor 3,,,,,,FLT4,Receptor tyrosine kinase,,P35916,2026-04-17 03:31:13.775799+00:00,
CHEMBL205,2026-04-17 03:32:12.154155+00:00,,,,,,,,,CA2,Carbonic anhydrase 2,,,,,,CA2,Enzyme,,P00918,2026-04-17 03:32:12.154155+00:00,
CHEMBL4235,2026-04-17 03:32:12.154155+00:00,,,,,,,,,HSD11B1,Corticosteroid 11-beta-dehydrogenase isozyme 1,,,,,,HSD11B1,Enzyme,,P28845,2026-04-17 03:32:12.154155+00:00,
CHEMBL1977,2026-04-17 03:32:12.154155+00:00,,,,,,,,,VDR,VDR,,,,,,VDR,,,P11473,2026-04-17 03:32:12.154155+00:00,
CHEMBL2742,2026-04-17 03:31:13.775799+00:00,,,,,,,,,FGFR3,Fibroblast growth factor receptor 3,,,,,,FGFR3,Receptor tyrosine kinase,,P22607,2026-04-17 03:31:13.775799+00:00,
CHEMBL3594,2026-04-17 03:32:12.154155+00:00,,,,,,,,,CA9,CA9,,,,,,CA9,,,Q16790,2026-04-17 03:32:12.154155+00:00,
CHEMBL221,2026-04-17 03:32:12.154155+00:00,,,,,,,,,PTGS1,PTGS1,,,,,,PTGS1,,,P23219,2026-04-17 03:32:12.154155+00:00,
CHEMBL230,2026-04-17 03:32:12.154155+00:00,,,,,,,,,PTGS2,Prostaglandin G/H synthase 2,,,,,,PTGS2,Enzyme,,P35354,2026-04-17 03:32:12.154155+00:00,
CHEMBL1785,2026-04-17 03:32:12.154155+00:00,,,,,,,,,EDNRB,Endothelin receptor type B,,,,,,EDNRB,GPCR,,P24530,2026-04-17 03:32:12.154155+00:00,
CHEMBL3973,2026-04-17 03:31:13.775799+00:00,,,,,,,,,FGFR4,Fibroblast growth factor receptor 4,,,,,,FGFR4,Receptor tyrosine kinase,,P22455,2026-04-17 03:31:13.775799+00:00,
CHEMBL233,2026-04-17 03:32:12.154155+00:00,,,,,,,,,OPRM1,Mu-type opioid receptor,,,,,,OPRM1,GPCR,,P35372,2026-04-17 03:32:12.154155+00:00,
CHEMBL1981,2026-04-17 03:32:12.154155+00:00,,,,,,,,,INSR,INSR,,,,,,INSR,,,P06213,2026-04-17 03:32:12.154155+00:00,
CHEMBL260,2026-04-17 03:31:13.775799+00:00,,,,,,,,,MAPK14,Mitogen-activated protein kinase 14,,,,,,MAPK14,Serine/threonine kinase,,Q16539,2026-04-17 03:31:13.775799+00:00,
CHEMBL1991,2026-04-17 03:32:12.154155+00:00,,,,,,,,,IKBKB,Inhibitor of nuclear factor kappa-B kinase subunit beta,,,,,,IKBKB,Serine/threonine kinase,,O14920,2026-04-17 03:32:12.154155+00:00,
CHEMBL4040,2026-04-17 03:31:13.775799+00:00,,,,,,,,,MAPK1,MAP kinase ERK2,,,,,,MAPK1,Serine/threonine kinase,,P28482,2026-04-17 03:31:13.775799+00:00,
CHEMBL3587,2026-04-17 03:31:13.775799+00:00,,,,,,,,,MAP2K1,Dual specificity mitogen-activated protein kinase kinase 1,,,,,,MAP2K1,Kinase,,Q02750,2026-04-17 03:31:13.775799+00:00,
CHEMBL2074,2026-04-17 03:32:12.154155+00:00,,,,,,,,,MGA,MGA,,,,,,MGA,,,O43451,2026-04-17 03:32:12.154155+00:00,
CHEMBL262,2026-04-17 03:32:12.154155+00:00,,,,,,,,,GSK3B,Glycogen synthase kinase-3 beta,,,,,,GSK3B,Serine/threonine kinase,,P49841,2026-04-17 03:32:12.154155+00:00,
CHEMBL240,2026-04-17 03:32:12.154155+00:00,,,,,,,,,KCNH2,Potassium voltage-gated channel subfamily H member 2,,,,,,KCNH2,Ion channel,,Q12809,2026-04-17 03:32:12.154155+00:00,
CHEMBL4304,2026-04-17 03:32:12.154155+00:00,,,,,,,,,KCNMA1,KCNMA1,,,,,,KCNMA1,,,Q12791,2026-04-17 03:32:12.154155+00:00,
CHEMBL4306,2026-04-17 03:32:12.154155+00:00,,,,,,,,,KCNA5,Potassium voltage-gated channel subfamily A member 5,,,,,,KCNA5,Ion channel,,P22460,2026-04-17 03:32:12.154155+00:00,
CHEMBL2069,2026-04-17 03:32:12.154155+00:00,,,,,,,,,TBXA2R,TBXA2R,,,,,,TBXA2R,,,P21731,2026-04-17 03:32:12.154155+00:00,
CHEMBL3618,2026-04-17 03:32:12.154155+00:00,,,,,,,,,F5,F5,,,,,,F5,,,P12259,2026-04-17 03:32:12.154155+00:00,
CHEMBL2016,2026-04-17 03:32:12.154155+00:00,,,,,,,,,F9,F9,,,,,,F9,,,P00740,2026-04-17 03:32:12.154155+00:00,
CHEMBL2820,2026-04-17 03:32:12.154155+00:00,,,,,,,,,F11,F11,,,,,,F11,,,P03951,2026-04-17 03:32:12.154155+00:00,
CHEMBL2821,2026-04-17 03:32:12.154155+00:00,,,,,,,,,F12,F12,,,,,,F12,,,P00748,2026-04-17 03:32:12.154155+00:00,
CHEMBL235,2026-04-17 03:32:12.154155+00:00,,,,,,,,,PPARG,PPARG,,,,,,PPARG,,,P37231,2026-04-17 03:32:12.154155+00:00,
CHEMBL2973,2026-04-17 03:32:12.154155+00:00,,,,,,,,,ROCK2,Rho-associated protein kinase 2,,,,,,ROCK2,Serine/threonine kinase,,O75116,2026-04-17 03:32:12.154155+00:00,
CHEMBL2047,2026-04-17 03:32:12.154155+00:00,,,,,,,,,NR1H4,NR1H4,,,,,,NR1H4,,,Q96RI1,2026-04-17 03:32:12.154155+00:00,
CHEMBL4096,2026-04-17 03:31:13.775799+00:00,,,,,,,,,TP53,Cellular tumor antigen p53,,,,,,TP53,Tumor suppressor,,P04637,2026-04-17 03:31:13.775799+00:00,
CHEMBL1824,2026-04-17 03:31:13.775799+00:00,,,,,,,,,ERBB2,Receptor tyrosine-protein kinase erbB-2,,,,,,ERBB2,Receptor tyrosine kinase,,P04626,2026-04-17 03:31:13.775799+00:00,
CHEMBL203,2026-04-17 03:31:13.775799+00:00,,,,,,,,,EGFR,Epidermal growth factor receptor,,,,,,EGFR,Receptor tyrosine kinase,,P00533,2026-04-17 03:31:13.775799+00:00,
CHEMBL5568,2026-04-17 03:31:13.775799+00:00,,,,,,,,,ROS1,Proto-oncogene tyrosine-protein kinase ROS,,,,,,ROS1,Receptor tyrosine kinase,,P08922,2026-04-17 03:31:13.775799+00:00,
CHEMBL5145,2026-04-17 03:31:13.775799+00:00,,,,,,,,,BRAF,Serine/threonine-protein kinase B-raf,,,,,,BRAF,Serine/threonine kinase,,P15056,2026-04-17 03:31:13.775799+00:00,
CHEMBL1862,2026-04-17 03:31:13.775799+00:00,,,,,,,,,ABL1,Tyrosine-protein kinase ABL1,,,,,,ABL1,Tyrosine kinase,,P00519,2026-04-17 03:31:13.775799+00:00,
CHEMBL258,2026-04-17 03:31:13.775799+00:00,,,,,,,,,LCK,Tyrosine-protein kinase Lck,,,,,,LCK,Tyrosine kinase,,P06239,2026-04-17 03:31:13.775799+00:00,
CHEMBL1876,2026-04-17 03:32:12.154155+00:00,,,,,,,,,SLC9A3,SLC9A3,,,,,,SLC9A3,,,P48764,2026-05-09 07:54:38.802067+00:00,
CHEMBL1801,2026-04-17 03:32:12.154155+00:00,,,,,,,,,PLG,PLG,,,,,,PLG,,,P00747,2026-04-17 03:32:12.154155+00:00,
CHEMBL325,2026-04-17 03:31:13.775799+00:00,,,,,,,,,HDAC1,Histone deacetylase 1,,,,,,HDAC1,Epigenetic eraser,,Q13547,2026-04-17 03:31:13.775799+00:00,
CHEMBL1951,2026-04-17 03:32:12.154155+00:00,,,,,,,,,MAOA,Amine oxidase A,,,,,,MAOA,Enzyme,,P21397,2026-04-17 03:32:12.154155+00:00,
CHEMBL3961,2026-04-17 03:32:12.154155+00:00,,,,,,,,,MAPK11,MAPK11,,,,,,MAPK11,,,Q15759,2026-04-17 03:32:12.154155+00:00,
CHEMBL3596085,2026-04-17 03:32:12.154155+00:00,,,,,,,,,AGT,AGT,,,,,,AGT,,,P01019,2026-04-17 03:32:12.154155+00:00,
CHEMBL3157,2026-04-17 03:32:12.154155+00:00,,,,,,,,,BDKRB2,BDKRB2,,,,,,BDKRB2,,,P30411,2026-04-17 03:32:12.154155+00:00,
CHEMBL218,2026-04-17 03:32:12.154155+00:00,,,,,,,,,CNR1,Cannabinoid receptor 1,,,,,,CNR1,GPCR,,P21554,2026-04-17 03:32:12.154155+00:00,
CHEMBL2024,2026-04-17 03:32:12.154155+00:00,,,,,,,,,FSHR,FSHR,,,,,,FSHR,,,P23945,2026-04-17 03:32:12.154155+00:00,
CHEMBL2321614,2026-04-17 03:32:12.154155+00:00,,,,,,,,,TRPV4,Transient receptor potential cation channel subfamily V member 4,,,,,,TRPV4,Ion channel,,Q9NPC2,2026-04-17 03:32:12.154155+00:00,
CHEMBL220,2026-04-17 03:32:12.154155+00:00,,,,,,,,,ACHE,Acetylcholinesterase,,,,,,ACHE,Enzyme,,P22303,2026-04-17 03:32:12.154155+00:00,
CHEMBL3717,2026-04-17 03:31:13.775799+00:00,,,,,,,,,MET,Hepatocyte growth factor receptor,,,,,,MET,Receptor tyrosine kinase,,P08581,2026-04-17 03:31:13.775799+00:00,
CHEMBL4005,2026-04-17 03:31:13.775799+00:00,,,,,,,,,PIK3CA,Phosphatidylinositol 4-5-bisphosphate 3-kinase catalytic subunit alpha,,,,,,PIK3CA,Lipid kinase,,P42336,2026-04-17 03:31:13.775799+00:00,
CHEMBL1876,2026-04-17 03:32:12.154155+00:00,,,,,,,,,SLC12A2,Solute carrier family 12 member 2,,,,,,SLC12A2,Transporter,,P55017,2026-04-17 03:32:12.154155+00:00,
CHEMBL4282,2026-04-17 03:31:13.775799+00:00,,,,,,,,,AKT1,RAC-alpha serine/threonine-protein kinase,,,,,,AKT1,Serine/threonine kinase,,P31749,2026-04-17 03:31:13.775799+00:00,
CHEMBL4979,2026-04-17 03:32:12.154155+00:00,,,,,,,,,SLC12A1,SLC12A1,,,,,,SLC12A1,,,P13866,2026-04-17 03:32:12.154155+00:00,
CHEMBL1886,2026-04-17 03:32:12.154155+00:00,,,,,,,,,KCNJ1,KCNJ1,,,,,,KCNJ1,,,Q14654,2026-04-17 03:32:12.154155+00:00,
CHEMBL1929,2026-04-17 03:32:12.154155+00:00,,,,,,,,,XDH,Xanthine dehydrogenase/oxidase,,,,,,XDH,Enzyme,,P47989,2026-04-17 03:32:12.154155+00:00,
CHEMBL268,2026-04-17 03:32:12.154155+00:00,,,,,,,,,CTSK,CTSK,,,,,,CTSK,,,P43235,2026-04-17 03:32:12.154155+00:00,
CHEMBL1784,2026-04-17 03:32:12.154155+00:00,,,,,,,,,GLP1R,GLP1R,,,,,,GLP1R,,,P43220,2026-04-17 03:32:12.154155+00:00,
CHEMBL402,2026-04-17 03:32:12.154155+00:00,,,,,,,,,HMGCR,HMGCR,,,,,,HMGCR,,,P04035,2026-04-17 03:32:12.154155+00:00,
CHEMBL4816,2026-04-17 03:31:13.775799+00:00,,,,,,,,,AKT3,RAC-gamma serine/threonine-protein kinase,,,,,,AKT3,Serine/threonine kinase,,Q9Y243,2026-04-17 03:31:13.775799+00:00,
CHEMBL2929,2026-04-17 03:32:12.154155+00:00,,,,,,,,,PCSK7,PCSK7,,,,,,PCSK7,,,Q8NBP7,2026-04-17 03:32:12.154155+00:00,
CHEMBL2048,2026-04-17 03:32:12.154155+00:00,,,,,,,,,FGB,FGB,,,,,,FGB,,,P02675,2026-04-17 03:32:12.154155+00:00,
CHEMBL286,2026-04-17 03:32:12.154155+00:00,,,,,,,,,REN,REN,,,,,,REN,,,P00797,2026-04-17 03:32:12.154155+00:00,
CHEMBL2189110,2026-04-17 03:31:13.775799+00:00,,,,,,,,,EZH2,Histone-lysine N-methyltransferase EZH2,,,,,,EZH2,Epigenetic writer,,Q15910,2026-04-17 03:31:13.775799+00:00,
CHEMBL4361,2026-04-17 03:31:13.775799+00:00,,,,,,,,,MCL1,Induced myeloid leukemia cell differentiation protein Mcl-1,,,,,,MCL1,Apoptosis regulator,,Q07820,2026-04-17 03:31:13.775799+00:00,
CHEMBL1937,2026-04-17 03:31:13.775799+00:00,,,,,,,,,HDAC2,Histone deacetylase 2,,,,,,HDAC2,Epigenetic eraser,,Q92769,2026-04-17 03:31:13.775799+00:00,
CHEMBL4739691,2026-04-17 03:31:13.775799+00:00,,,,,,,,,DOT1L,DOT1-like histone H3 methyltransferase,,,,,,DOT1L,Epigenetic writer,,Q8TEK3,2026-04-17 03:31:13.775799+00:00,
CHEMBL3307223,2026-04-17 03:31:13.775799+00:00,,,,,,,,,PDCD1,Programmed cell death protein 1 (PD-1),,,,,,PDCD1,Immune checkpoint,,Q15116,2026-04-17 03:31:13.775799+00:00,
CHEMBL2431,2026-04-17 03:31:13.775799+00:00,,,,,,,,,AKT2,RAC-beta serine/threonine-protein kinase,,,,,,AKT2,Serine/threonine kinase,,P31751,2026-04-17 03:31:13.775799+00:00,
CHEMBL301,2026-04-17 03:31:13.775799+00:00,,,,,,,,,CDK2,Cyclin-dependent kinase 2,,,,,,CDK2,Serine/threonine kinase,,P24941,2026-04-17 03:31:13.775799+00:00,
CHEMBL331,2026-04-17 03:31:13.775799+00:00,,,,,,,,,CDK4,Cyclin-dependent kinase 4,,,,,,CDK4,Serine/threonine kinase,,P11802,2026-04-17 03:31:13.775799+00:00,
CHEMBL2508,2026-04-17 03:31:13.775799+00:00,,,,,,,,,CDK6,Cyclin-dependent kinase 6,,,,,,CDK6,Serine/threonine kinase,,Q00534,2026-04-17 03:31:13.775799+00:00,
CHEMBL308,2026-04-17 03:31:13.775799+00:00,,,,,,,,,CDK1,Cyclin-dependent kinase 1,,,,,,CDK1,Serine/threonine kinase,,P06493,2026-04-17 03:31:13.775799+00:00,
CHEMBL2527,2026-04-17 03:31:13.775799+00:00,,,,,,,,,CHEK2,Serine/threonine-protein kinase Chk2,,,,,,CHEK2,Serine/threonine kinase,,O96017,2026-04-17 03:31:13.775799+00:00,
CHEMBL3105,2026-04-17 03:31:13.775799+00:00,,,,,,,,,PARP1,Poly [ADP-ribose] polymerase 1,,,,,,PARP1,DNA repair,,P09874,2026-04-17 03:31:13.775799+00:00,
CHEMBL3580522,2026-04-17 03:31:13.775799+00:00,,,,,,,,,CD274,Programmed death-ligand 1 (PD-L1),,,,,,CD274,Immune checkpoint,,Q9NZQ7,2026-04-17 03:31:13.775799+00:00,
CHEMBL2364164,2026-04-17 03:31:13.775799+00:00,,,,,,,,,CTLA4,Cytotoxic T-lymphocyte protein 4,,,,,,CTLA4,Immune checkpoint,,P16410,2026-04-17 03:31:13.775799+00:00,
CHEMBL4630881,2026-04-17 03:31:13.775799+00:00,,,,,,,,,LAG3,Lymphocyte-activation gene 3,,,,,,LAG3,Immune checkpoint,,P18627,2026-04-17 03:31:13.775799+00:00,
CHEMBL1980,2026-04-17 03:31:13.775799+00:00,,,,,,,,,SOS1,Son of sevenless homolog 1,,,,,,SOS1,GEF,,Q14524,2026-04-17 03:31:13.775799+00:00,
CHEMBL214,2026-04-17 03:37:13.006169+00:00,,,,,,,,,HTR1A,5-hydroxytryptamine receptor 1A,,,,,,HTR1A,GPCR,,P08908,2026-04-17 03:37:13.006169+00:00,
CHEMBL217,2026-04-17 03:32:12.154155+00:00,,,,,,,,,DRD2,Dopamine D2 receptor,,,,,,DRD2,GPCR,,P14416,2026-04-17 03:32:12.154155+00:00,
CHEMBL2056,2026-04-17 03:32:12.154155+00:00,,,,,,,,,DRD1,Dopamine D1 receptor,,,,,,DRD1,GPCR,,P21728,2026-04-17 03:32:12.154155+00:00,
CHEMBL238,2026-04-17 03:32:12.154155+00:00,,,,,,,,,SLC6A3,Sodium-dependent dopamine transporter,,,,,,SLC6A3,Transporter,,Q01959,2026-04-17 03:32:12.154155+00:00,
CHEMBL228,2026-04-17 03:37:13.006169+00:00,,,,,,,,,SLC6A4,Sodium-dependent serotonin transporter,,,,,,SLC6A4,Transporter,,P31645,2026-04-17 03:37:13.006169+00:00,
CHEMBL222,2026-04-17 03:32:12.154155+00:00,,,,,,,,,SLC6A2,Sodium-dependent noradrenaline transporter,,,,,,SLC6A2,Transporter,,P23975,2026-04-17 03:32:12.154155+00:00,
CHEMBL231,2026-04-17 03:32:12.154155+00:00,,,,,,,,,HRH1,Histamine H1 receptor,,,,,,HRH1,GPCR,,P35367,2026-04-17 03:32:12.154155+00:00,
CHEMBL5980,2026-04-17 03:31:13.775799+00:00,,,,,,,,,PARP2,Poly [ADP-ribose] polymerase 2,,,,,,PARP2,DNA repair,,P30154,2026-04-17 03:31:13.775799+00:00,
CHEMBL234,2026-04-17 03:32:12.154155+00:00,,,,,,,,,HRH3,Histamine H3 receptor,,,,,,HRH3,GPCR,,P35462,2026-04-17 03:32:12.154155+00:00,
,2026-04-17 03:32:12.154155+00:00,,,,,,,,,ACTIN-LIKE,ACTIN-LIKE,,,,,,ACTIN-LIKE,,,,2026-04-17 03:32:12.154155+00:00,
CHEMBL4630878,2026-04-17 03:31:13.775799+00:00,,,,,,,,,TIGIT,T-cell immunoreceptor with Ig and ITIM domains,,,,,,TIGIT,Immune checkpoint,,Q495A1,2026-04-17 03:31:13.775799+00:00,
CHEMBL4630879,2026-04-17 03:31:13.775799+00:00,,,,,,,,,HAVCR2,Hepatitis A virus cellular receptor 2 (TIM-3),,,,,,HAVCR2,Immune checkpoint,,Q8TDQ0,2026-04-17 03:31:13.775799+00:00,
CHEMBL4625,2026-04-17 03:31:13.775799+00:00,,,,,,,,,BCL2L1,Bcl-2-like protein 1 (Bcl-xL),,,,,,BCL2L1,Apoptosis regulator,,Q07817,2026-04-17 03:31:13.775799+00:00,
CHEMBL4051,2026-04-17 03:32:12.154155+00:00,,,,,,,,,CFTR,CFTR,,,,,,CFTR,,,P13569,2026-04-17 03:32:12.154155+00:00,
CHEMBL6167,2026-04-17 03:31:13.775799+00:00,,,,,,,,,BRCA2,Breast cancer type 2 susceptibility protein,,,,,,BRCA2,DNA repair,,P51587,2026-05-09 07:54:26.140509+00:00,
CHEMBL4096,2026-04-17 03:31:13.775799+00:00,,,,,,,,,MDM2,E3 ubiquitin-protein ligase Mdm2,,,,,,MDM2,E3 ligase,,Q00987,2026-05-09 07:54:29.600734+00:00,
,2026-04-17 03:32:12.154155+00:00,,,,,,,,,VON HIPPEL,von Hippel-Lindau tumor suppressor,,,,,,VHL,,,P40337,2026-05-26 12:01:38.418737+00:00,
,2026-04-17 03:32:12.154155+00:00,,,,,,,,,ATPASE FAM,ATPASE FAM,,,,,,ATPASE FAM,,,,2026-05-26 12:01:38.418737+00:00,
,2026-04-17 03:32:12.154155+00:00,,,,,,,,,G1/S-SPECI,G1/S-SPECI,,,,,,G1/S-SPECI,,,,2026-05-26 12:01:38.418737+00:00,
,2026-04-17 03:32:12.154155+00:00,,,,,,,,,MYC PROTO-,MYC PROTO-,,,,,,MYC PROTO-,,,,2026-05-26 12:01:38.418737+00:00,
,2026-04-17 03:32:12.154155+00:00,,,,,,,,,PHD FINGER,PHD FINGER,,,,,,PHD FINGER,,,,2026-05-26 12:01:38.418737+00:00,
,2026-04-17 03:32:12.154155+00:00,,,,,,,,,RAF PROTO-,RAF PROTO-,,,,,,RAF PROTO-,,,,2026-05-26 12:01:38.418737+00:00,
,2026-04-17 03:32:12.154155+00:00,,,,,,,,,SERINE/THR,SERINE/THR,,,,,,SERINE/THR,,,,2026-05-26 12:01:38.418737+00:00,
,2026-04-17 03:32:12.154155+00:00,,,,,,,,,SOLUTE CAR,SOLUTE CAR,,,,,,SOLUTE CAR,,,,2026-05-26 12:01:38.418737+00:00,
CHEMBL4860,2026-04-17 03:31:13.775799+00:00,,,,,,,,,BCL2,Apoptosis regulator Bcl-2,,,,,,BCL2,Apoptosis regulator,,P10415,2026-04-17 03:31:13.775799+00:00,
CHEMBL267,2026-04-17 03:31:13.775799+00:00,,,,,,,,,SRC,Proto-oncogene tyrosine-protein kinase Src,,,,,,SRC,Tyrosine kinase,,P12931,2026-04-17 03:31:13.775799+00:00,
CHEMBL1906,2026-04-17 03:31:13.775799+00:00,,,,,,,,,RAF1,RAF proto-oncogene serine/threonine-protein kinase,,,,,,RAF1,Serine/threonine kinase,,P04049,2026-04-17 03:31:13.775799+00:00,
CHEMBL3108660,2026-04-17 03:31:13.775799+00:00,,,,,,,,,VHL,von Hippel-Lindau disease tumor suppressor,,,,,,VHL,Tumor suppressor,,P40337,2026-04-17 03:31:13.775799+00:00,
CHEMBL5990,2026-04-17 03:31:13.775799+00:00,,,,,,,,,BRCA1,Breast cancer type 1 susceptibility protein,,,,,,BRCA1,DNA repair,,P38398,2026-04-17 03:31:13.775799+00:00,
,2026-04-17 03:32:12.154155+00:00,,,,,,,,,HER2,HER2,,,,,,HER2,,,,2026-04-17 03:32:12.154155+00:00,
,2026-04-17 03:32:12.154155+00:00,,,,,,,,,HER3,HER3,,,,,,HER3,,,,2026-04-17 03:32:12.154155+00:00,
,2026-04-17 03:32:12.154155+00:00,,,,,,,,,CYCLIN-DEP,CYCLIN-DEP,,,,,,CYCLIN-DEP,,,,2026-04-17 03:32:12.154155+00:00,
,2026-04-17 03:32:12.154155+00:00,,,,,,,,,PERIPHILIN,PERIPHILIN,,,,,,PERIPHILIN,,,,2026-04-17 03:32:12.154155+00:00,
,2026-04-17 03:32:12.154155+00:00,,,,,,,,,BROMODOMAI,BROMODOMAI,,,,,,BROMODOMAI,,,,2026-04-17 03:32:12.154155+00:00,
,2026-04-17 03:32:12.154155+00:00,,,,,,,,,PROTO-ONCO,PROTO-ONCO,,,,,,PROTO-ONCO,,,,2026-04-17 03:32:12.154155+00:00,
,2026-04-17 03:32:12.154155+00:00,,,,,,,,,TYROSINE-P,TYROSINE-P,,,,,,TYROSINE-P,,,,2026-04-17 03:32:12.154155+00:00,
,2026-04-17 03:32:12.154155+00:00,,,,,,,,,RNA-BINDIN,RNA-BINDIN,,,,,,RNA-BINDIN,,,,2026-04-17 03:32:12.154155+00:00,
,2026-04-17 03:32:12.154155+00:00,,,,,,,,,TRANSCRIPT,TRANSCRIPT,,,,,,TRANSCRIPT,,,,2026-04-17 03:32:12.154155+00:00,
,2026-04-17 03:32:12.154155+00:00,,,,,,,,,CELLULAR T,CELLULAR T,,,,,,CELLULAR T,,,,2026-04-17 03:32:12.154155+00:00,
,2026-04-17 03:32:12.154155+00:00,,,,,,,,,TRIPARTITE,TRIPARTITE,,,,,,TRIPARTITE,,,,2026-04-17 03:32:12.154155+00:00,
,2026-04-17 03:32:12.154155+00:00,,,,,,,,,TARGET OF,TARGET OF,,,,,,TARGET OF,,,,2026-04-17 03:32:12.154155+00:00,
,2026-04-17 03:32:12.154155+00:00,,,,,,,,,SPINDLIN-1,SPINDLIN-1,,,,,,SPINDLIN-1,,,,2026-04-17 03:32:12.154155+00:00,
,2026-04-17 03:32:12.154155+00:00,,,,,,,,,FRUCTOSE-B,FRUCTOSE-B,,,,,,FRUCTOSE-B,,,,2026-04-17 03:32:12.154155+00:00,
,2026-04-17 03:32:12.154155+00:00,,,,,,,,,MUCIN-16,MUCIN-16,,,,,,MUCIN-16,,,,2026-04-17 03:32:12.154155+00:00,
CHEMBL224,2026-04-17 03:37:13.006169+00:00,,,,,,,,,HTR2A,5-hydroxytryptamine receptor 2A,,,,,,HTR2A,GPCR,,P28223,2026-04-17 03:37:13.006169+00:00,
CHEMBL4977,2026-04-17 03:31:13.775799+00:00,,,,,,,,,JUN,Transcription factor Jun,,,,,,JUN,Transcription factor,,P05412,2026-04-17 03:31:13.775799+00:00,
,2026-04-17 03:41:25.089833+00:00,,,,,,,,,CANCER/TES,CANCER/TES,,,,,,CANCER/TES,,,,2026-05-26 12:01:38.418737+00:00,
,2026-04-17 03:32:12.154155+00:00,,,,,,,,,CELL CYCLE,CELL CYCLE,,,,,,CELL CYCLE,,,,2026-05-26 12:01:38.418737+00:00,
CHEMBL3610,2026-04-17 03:31:13.775799+00:00,,,,,,,,,CCND1,G1/S-specific cyclin-D1,,,,,,CCND1,Cell cycle regulator,,P24385,2026-04-17 03:31:13.775799+00:00,
,2026-04-17 03:32:12.154155+00:00,,,,,,,,,CELL DIVIS,CELL DIVIS,,,,,,CELL DIVIS,,,,2026-05-26 12:01:38.418737+00:00,
CHEMBL1169596,2026-04-17 03:31:13.775799+00:00,,,,,,,,,ARAF,Serine/threonine-protein kinase A-Raf,,,,,,ARAF,Serine/threonine kinase,,P10398,2026-04-17 03:31:13.775799+00:00,
,2026-04-17 03:41:25.089833+00:00,,,,,,,,,DUAL SPECI,DUAL SPECI,,,,,,DUAL SPECI,,,,2026-05-26 12:01:38.418737+00:00,
,2026-04-17 03:41:25.089833+00:00,,,,,,,,,VEGFR1,VEGFR1,,,,,,VEGFR1,,,,2026-04-17 03:41:25.089833+00:00,
,2026-04-17 03:41:25.089833+00:00,,,,,,,,,CANCER-REL,CANCER-REL,,,,,,CANCER-REL,,,,2026-04-17 03:41:25.089833+00:00,
,2026-04-17 03:41:25.089833+00:00,,,,,,,,,TESTIS-SPE,TESTIS-SPE,,,,,,TESTIS-SPE,,,,2026-04-17 03:41:25.089833+00:00,
,2026-04-17 03:41:25.089833+00:00,,,,,,,,,MITOGEN-AC,MITOGEN-AC,,,,,,MITOGEN-AC,,,,2026-04-17 03:41:25.089833+00:00,
,2026-04-17 03:41:25.089833+00:00,,,,,,,,,PATATIN-LI,PATATIN-LI,,,,,,PATATIN-LI,,,,2026-04-17 03:41:25.089833+00:00,
CHEMBL3886,2026-04-17 03:31:13.775799+00:00,,,,,,,,,MAP3K20,Mitogen-activated protein kinase kinase kinase 20,,,,,,MAP3K20,Serine/threonine kinase,,Q9NYL2,2026-04-17 03:31:13.775799+00:00,
CHEMBL1163126,2026-04-17 03:31:13.775799+00:00,,,,,,,,,ICK,Serine/threonine-protein kinase ICK,,,,,,ICK,Serine/threonine kinase,,Q9UPZ9,2026-04-17 03:31:13.775799+00:00,
CHEMBL4896,2026-04-17 03:31:13.775799+00:00,,,,,,,,,PBK,Lymphokine-activated killer T-cell-originated protein kinase,,,,,,PBK,Serine/threonine kinase,,Q96KB5,2026-04-17 03:31:13.775799+00:00,
CHEMBL3580482,2026-04-17 03:31:13.775799+00:00,,,,,,,,,MUC16,Mucin-16,,,,,,MUC16,Cell surface antigen,,Q8WXI7,2026-04-17 03:31:13.775799+00:00,
CHEMBL3259472,2026-04-17 03:31:13.775799+00:00,,,,,,,,,VAV1,Proto-oncogene vav,,,,,,VAV1,GEF,,P15498,2026-04-17 03:31:13.775799+00:00,
CHEMBL4296310,2026-04-17 03:31:13.775799+00:00,,,,,,,,,REL,Proto-oncogene c-Rel,,,,,,REL,Transcription factor,,Q04864,2026-04-17 03:31:13.775799+00:00,
CHEMBL5724679,2026-04-17 03:31:13.775799+00:00,,,,,,,,,FUS,RNA-binding protein FUS,,,,,,FUS,RNA binding,,P35637,2026-04-17 03:31:13.775799+00:00,
CHEMBL6079,2026-04-17 03:31:13.775799+00:00,,,,,,,,,WNT3,Proto-oncogene Wnt-3,,,,,,WNT3,Signaling ligand,,P56703,2026-04-17 03:31:13.775799+00:00,
CHEMBL1255129,2026-04-17 03:31:13.775799+00:00,,,,,,,,,WNT1,Proto-oncogene Wnt-1,,,,,,WNT1,Signaling ligand,,P04628,2026-04-17 03:31:13.775799+00:00,
CHEMBL1075184,2026-04-17 03:31:13.775799+00:00,,,,,,,,,MOS,Proto-oncogene serine/threonine-protein kinase mos,,,,,,MOS,Serine/threonine kinase,,P00540,2026-04-17 03:31:13.775799+00:00,
CHEMBL5455,2026-04-17 03:31:13.775799+00:00,,,,,,,,,FES,Tyrosine-protein kinase Fes/Fps,,,,,,FES,Tyrosine kinase,,P07332,2026-04-17 03:31:13.775799+00:00,
CHEMBL5578,2026-04-17 03:31:13.775799+00:00,,,,,,,,,CDK2AP1,Cyclin-dependent kinase 2-associated protein 1,,,,,,CDK2AP1,Cell cycle regulator,,O14519,2026-04-17 03:31:13.775799+00:00,
CHEMBL4295936,2026-04-17 03:31:13.775799+00:00,,,,,,,,,NTPCR,Cancer-related nucleoside-triphosphatase,,,,,,NTPCR,NTPase,,Q9BSD7,2026-04-17 03:31:13.775799+00:00,
,2026-04-17 03:32:12.154155+00:00,,,,,,,,,OBG-LIKE A,OBG-LIKE A,,,,,,OBG-LIKE A,,,,2026-04-17 03:32:12.154155+00:00,
,2026-04-17 03:32:12.154155+00:00,,,,,,,,,MELANOMA-A,MELANOMA-A,,,,,,MELANOMA-A,,,,2026-04-17 03:32:12.154155+00:00,
CHEMBL5705,2026-04-17 03:31:13.775799+00:00,,,,,,,,,IDH1,Isocitrate dehydrogenase 1,,,,,,IDH1,Metabolic enzyme,,Q9H6Z9,2026-04-17 03:31:13.775799+00:00,
CHEMBL3991501,2026-04-17 03:31:13.775799+00:00,,,,,,,,,IDH2,Isocitrate dehydrogenase 2,,,,,,IDH2,Metabolic enzyme,,P48735,2026-04-17 03:31:13.775799+00:00,
CHEMBL3864,2026-04-17 03:31:13.775799+00:00,,,,,,,,,PTPN11,Tyrosine-protein phosphatase non-receptor type 11 (SHP2),,,,,,PTPN11,Phosphatase,,Q06124,2026-04-17 03:31:13.775799+00:00,
CHEMBL2295562,2026-04-17 03:31:13.775799+00:00,,,,,,,,,DUSP26,Dual specificity protein phosphatase 26,,,,,,DUSP26,Phosphatase,,Q9BV47,2026-04-17 03:31:13.775799+00:00,
CHEMBL3627582,2026-04-17 03:31:13.775799+00:00,,,,,,,,,TSSK6,Testis-specific serine/threonine-protein kinase 6,,,,,,TSSK6,Serine/threonine kinase,,Q9BXA6,2026-04-17 03:31:13.775799+00:00,
CHEMBL5639,2026-04-17 03:31:13.775799+00:00,,,,,,,,,WNK2,Serine/threonine-protein kinase WNK2,,,,,,WNK2,Serine/threonine kinase,,Q9Y3S1,2026-04-17 03:31:13.775799+00:00,
CHEMBL6067581,2026-04-17 03:31:13.775799+00:00,,,,,,,,,SLC45A3,Solute carrier family 45 member 3,,,,,,SLC45A3,Transporter,,Q96JT2,2026-04-17 03:31:13.775799+00:00,
CHEMBL5169155,2026-04-17 03:31:13.775799+00:00,,,,,,,,,KLK1,Kita-kyushu lung cancer antigen 1,,,,,,KLK1,Cancer/testis antigen,,Q5H943,2026-04-17 03:31:13.775799+00:00,
CHEMBL3559701,2026-04-17 03:31:13.775799+00:00,,,,,,,,,MAS1,Proto-oncogene Mas,,,,,,MAS1,GPCR,,P04201,2026-04-17 03:31:13.775799+00:00,
CHEMBL2343,2026-04-17 03:31:13.775799+00:00,,,,,,,,,SGK1,Serum/glucocorticoid-regulated kinase 1,,,,,,SGK1,Serine/threonine kinase,,O00141,2026-04-17 03:31:13.775799+00:00,
CHEMBL4523200,2026-04-17 03:31:13.775799+00:00,,,,,,,,,TNFAIP3,TNF alpha-induced protein 3 (A20),,,,,,TNFAIP3,Deubiquitinase,,P21580,2026-04-17 03:31:13.775799+00:00,
CHEMBL5491,2026-04-17 03:31:13.775799+00:00,,,,,,,,,WEE1,Wee1-like protein kinase,,,,,,WEE1,Serine/threonine kinase,,P30291,2026-04-17 03:31:13.775799+00:00,
CHEMBL5024,2026-04-17 03:31:13.775799+00:00,,,,,,,,,ATR,Serine/threonine-protein kinase ATR,,,,,,ATR,Serine/threonine kinase,,Q13535,2026-04-17 03:31:13.775799+00:00,
CHEMBL3797,2026-04-17 03:31:13.775799+00:00,,,,,,,,,ATM,Serine/threonine-protein kinase ATM,,,,,,ATM,Serine/threonine kinase,,Q13315,2026-04-17 03:31:13.775799+00:00,
CHEMBL1795116,2026-04-17 03:31:13.775799+00:00,,,,,,,,,PRMT5,Protein arginine N-methyltransferase 5,,,,,,PRMT5,Epigenetic writer,,O14744,2026-04-17 03:31:13.775799+00:00,
,2026-04-17 03:32:12.154155+00:00,,,,,,,,,BREAST CAN,BRCA2 DNA repair associated,,,,,,BRCA2,,,P51587,2026-05-26 12:01:38.418737+00:00,
CHEMBL1075094,2026-04-17 03:31:13.775799+00:00,,,,,,,,,NFE2L2,Nuclear factor erythroid 2-related factor 2 (NRF2),,,,,,NFE2L2,Transcription factor,,Q16236,2026-04-17 03:31:13.775799+00:00,
CHEMBL4247,2026-04-17 03:31:13.775799+00:00,,,,,,,,,ALK,ALK tyrosine kinase receptor,,,,,,ALK,Receptor tyrosine kinase,,Q9UM73,2026-04-17 03:31:13.775799+00:00,
CHEMBL1972,2026-04-17 03:32:12.154155+00:00,,,,,,,,,GRIN1,Glutamate receptor ionotropic NMDA 1,,,,,,GRIN1,Ion channel,,Q12879,2026-04-17 03:32:12.154155+00:00,
CHEMBL3856163,2026-04-17 03:31:13.775799+00:00,,,,,,,,,TROP2,Tumor-associated calcium signal transducer 2,,,,,,TROP2,Cell surface antigen,,Q9Y6Q6,2026-04-17 03:31:13.775799+00:00,
CHEMBL2009,2026-04-17 03:32:12.154155+00:00,,,,,,,,,GRIA1,Glutamate receptor ionotropic AMPA 1,,,,,,GRIA1,Ion channel,,P42261,2026-04-17 03:32:12.154155+00:00,
CHEMBL4016,2026-04-17 03:32:12.154155+00:00,,,,,,,,,GRIA2,Glutamate receptor ionotropic AMPA 2,,,,,,GRIA2,Ion channel,,P42262,2026-04-17 03:32:12.154155+00:00,
CHEMBL1962,2026-04-17 03:32:12.154155+00:00,,,,,,,,,GABRA1,Gamma-aminobutyric acid receptor subunit alpha-1,,,,,,GABRA1,Ion channel,,P14867,2026-04-17 03:32:12.154155+00:00,
CHEMBL3712928,2026-04-17 03:31:13.775799+00:00,,,,,,,,,NECTIN4,Nectin cell adhesion molecule 4,,,,,,NECTIN4,Cell surface antigen,,Q15223,2026-04-17 03:31:13.775799+00:00,
CHEMBL2492,2026-04-17 03:32:12.154155+00:00,,,,,,,,,CHRNA7,Neuronal acetylcholine receptor subunit alpha-7,,,,,,CHRNA7,Ion channel,,P36544,2026-04-17 03:32:12.154155+00:00,
CHEMBL3706,2026-04-17 03:32:12.154155+00:00,,,,,,,,,ADAM17,ADAM metallopeptidase domain 17,,,,,,ADAM17,Enzyme,,P78536,2026-04-17 03:32:12.154155+00:00,
CHEMBL1293224,2026-04-17 03:32:12.154155+00:00,,,,,,,,,MAPT,Microtubule-associated protein tau,,,,,,MAPT,Structural protein,,P10636,2026-04-17 03:32:12.154155+00:00,
CHEMBL2487,2026-04-17 03:32:12.154155+00:00,,,,,,,,,APP,Amyloid-beta precursor protein,,,,,,APP,Membrane protein,,P05067,2026-04-17 03:32:12.154155+00:00,
CHEMBL4822,2026-04-17 03:32:12.154155+00:00,,,,,,,,,BACE1,Beta-secretase 1,,,,,,BACE1,Protease,,P56817,2026-04-17 03:32:12.154155+00:00,
CHEMBL4630888,2026-04-17 03:31:13.775799+00:00,,,,,,,,,DLL3,Delta-like protein 3,,,,,,DLL3,Notch ligand,,Q9UJ72,2026-04-17 03:31:13.775799+00:00,
CHEMBL3712859,2026-04-17 03:31:13.775799+00:00,,,,,,,,,CLDN18,Claudin-18,,,,,,CLDN18,Tight junction protein,,P56856,2026-04-17 03:31:13.775799+00:00,
CHEMBL3166,2026-04-17 03:31:13.775799+00:00,,,,,,,,,SHP1,Tyrosine-protein phosphatase non-receptor type 6,,,,,,SHP1,Phosphatase,,O60880,2026-04-17 03:31:13.775799+00:00,
CHEMBL2964,2026-04-17 03:31:13.775799+00:00,,,,,,,,,MAP2K2,Dual specificity mitogen-activated protein kinase kinase 2 (MEK2),,,,,,MAP2K2,Serine/threonine kinase,,P36507,2026-04-17 03:31:13.775799+00:00,
CHEMBL2111389,2026-04-17 03:31:13.775799+00:00,,,,,,,,,KRASG12C,GTPase KRas G12C mutant,,,,,,KRASG12C,GTPase (mutant),,Q60FE5,2026-04-17 03:31:13.775799+00:00,
CHEMBL2052032,2026-04-17 03:31:13.775799+00:00,,,,,,,,,PTEN,Phosphatase and tensin homolog,,,,,,PTEN,Tumor suppressor,,P60484,2026-04-17 03:31:13.775799+00:00,
CHEMBL4680027,2026-04-17 03:31:13.775799+00:00,,,,,,,,,CDKN2A,Cyclin-dependent kinase inhibitor 2A (p16),,,,,,CDKN2A,Tumor suppressor,,P42771,2026-04-17 03:31:13.775799+00:00,
CHEMBL4105,2026-04-17 03:32:12.154155+00:00,,,,,,,,,GRIN2B,Glutamate receptor ionotropic NMDA 2B,,,,,,GRIN2B,Ion channel,,Q13224,2026-04-17 03:32:12.154155+00:00,
CHEMBL2093872,2026-04-17 03:32:12.154155+00:00,,,,,,,,,GABRB2,Gamma-aminobutyric acid receptor subunit beta-2,,,,,,GABRB2,Ion channel,,P47870,2026-04-17 03:32:12.154155+00:00,
CHEMBL3885,2026-04-17 03:32:12.154155+00:00,,,,,,,,,CHRM1,Muscarinic acetylcholine receptor M1,,,,,,CHRM1,GPCR,,P02768,2026-04-17 03:32:12.154155+00:00,
CHEMBL211,2026-04-17 03:32:12.154155+00:00,,,,,,,,,CHRM2,Muscarinic acetylcholine receptor M2,,,,,,CHRM2,GPCR,,P08172,2026-04-17 03:32:12.154155+00:00,
CHEMBL245,2026-04-17 03:32:12.154155+00:00,,,,,,,,,CHRM3,Muscarinic acetylcholine receptor M3,,,,,,CHRM3,GPCR,,P20309,2026-04-17 03:32:12.154155+00:00,
CHEMBL3524,2026-04-17 03:32:12.154155+00:00,,,,,,,,,ATXN2,Ataxin-2,,,,,,ATXN2,RNA-binding protein,,Q99700,2026-04-17 03:32:12.154155+00:00,
CHEMBL2242,2026-04-17 03:32:12.154155+00:00,,,,,,,,,ITGB3,ITGB3,,,,,,ITGB3,,,P05106,2026-04-17 03:32:12.154155+00:00,
,2026-04-17 03:32:12.154155+00:00,,,,,,,,,LYMPHOKINE,LYMPHOKINE,,,,,,LYMPHOKINE,,,,2026-04-17 03:32:12.154155+00:00,
,2026-04-17 03:32:12.154155+00:00,,,,,,,,,KITA-KYUSH,KITA-KYUSH,,,,,,KITA-KYUSH,,,,2026-04-17 03:32:12.154155+00:00,
CHEMBL6167,2026-04-17 03:31:13.775799+00:00,,,,,,,,,LATS1,Serine/threonine-protein kinase LATS1,,,,,,LATS1,Serine/threonine kinase,,O95835,2026-04-17 03:31:13.775799+00:00,
CHEMBL2106,2026-04-17 03:31:13.775799+00:00,,,,,,,,,ALDOA,Fructose-bisphosphate aldolase A,,,,,,ALDOA,Metabolic enzyme,,P04075,2026-04-17 03:31:13.775799+00:00,
CHEMBL1764945,2026-04-17 03:31:13.775799+00:00,,,,,,,,,PHF13,PHD finger protein 13,,,,,,PHF13,Epigenetic reader,,Q86YI8,2026-04-17 03:31:13.775799+00:00,
CHEMBL6152,2026-04-17 03:32:12.154155+00:00,,,,,,,,,SNCA,Alpha-synuclein,,,,,,SNCA,Structural protein,,P37840,2026-04-17 03:32:12.154155+00:00,
CHEMBL2150837,2026-04-17 03:31:13.775799+00:00,,,,,,,,,ATAD2,ATPase family AAA domain-containing protein 2,,,,,,ATAD2,Epigenetic regulator,,Q6PL18,2026-04-17 03:31:13.775799+00:00,
CHEMBL4105704,2026-04-17 03:31:13.775799+00:00,,,,,,,,,OLA1,Obg-like ATPase 1,,,,,,OLA1,ATPase,,Q9NTK5,2026-04-17 03:31:13.775799+00:00,
CHEMBL4296022,2026-04-17 03:31:13.775799+00:00,,,,,,,,,MAGEA4,Melanoma-associated antigen 4,,,,,,MAGEA4,Cancer/testis antigen,,P43358,2026-04-17 03:31:13.775799+00:00,
CHEMBL242,2026-04-17 03:32:12.154155+00:00,,,,,,,,,ESR2,Estrogen receptor beta,,,,,,ESR2,Nuclear receptor,,Q92731,2026-04-17 03:32:12.154155+00:00,
CHEMBL4804257,2026-04-17 03:31:13.775799+00:00,,,,,,,,,CTAG1A,Cancer/testis antigen 1,,,,,,CTAG1A,Cancer/testis antigen,,P78358,2026-04-17 03:31:13.775799+00:00,
CHEMBL3309116,2026-04-17 03:31:13.775799+00:00,,,,,,,,,RAD1,Cell cycle checkpoint protein RAD1,,,,,,RAD1,DNA repair,,O60671,2026-04-17 03:31:13.775799+00:00,
CHEMBL4523283,2026-04-17 03:31:13.775799+00:00,,,,,,,,,CDC20,Cell division cycle protein 20 homolog,,,,,,CDC20,Cell cycle regulator,,Q12834,2026-04-17 03:31:13.775799+00:00,
CHEMBL5724782,2026-04-17 03:31:13.775799+00:00,,,,,,,,,CDCA2,Cell division cycle-associated protein 2,,,,,,CDCA2,Cell cycle regulator,,Q69YH5,2026-04-17 03:31:13.775799+00:00,
CHEMBL6066343,2026-04-17 03:31:13.775799+00:00,,,,,,,,,CDC16,Cell division cycle protein 16 homolog,,,,,,CDC16,Cell cycle regulator,,Q13042,2026-04-17 03:31:13.775799+00:00,
CHEMBL6067364,2026-04-17 03:31:13.775799+00:00,,,,,,,,,CDC23,Cell division cycle protein 23 homolog,,,,,,CDC23,Cell cycle regulator,,Q9UJX2,2026-04-17 03:31:13.775799+00:00,
CHEMBL4523509,2026-04-17 03:31:13.775799+00:00,,,,,,,,,SPIN1,Spindlin-1,,,,,,SPIN1,Epigenetic reader,,Q9Y657,2026-04-17 03:31:13.775799+00:00,
CHEMBL2189129,2026-04-17 03:31:13.775799+00:00,,,,,,,,,PNPLA6,Patatin-like phospholipase domain-containing protein 6,,,,,,PNPLA6,Phospholipase,,Q8IY17,2026-04-17 03:31:13.775799+00:00,
CHEMBL1795198,2026-04-17 03:31:13.775799+00:00,,,,,,,,,STRADA,STE20-related kinase adapter protein alpha,,,,,,STRADA,Kinase adapter,,Q7RTN6,2026-04-17 03:31:13.775799+00:00,
CHEMBL5724738,2026-04-17 03:31:13.775799+00:00,,,,,,,,,ACTL8,Actin-like protein 8,,,,,,ACTL8,Cancer/testis antigen,,Q9H568,2026-04-17 03:31:13.775799+00:00,
CHEMBL6067412,2026-04-17 03:31:13.775799+00:00,,,,,,,,,PPHLN1,Periphilin-1,,,,,,PPHLN1,Nuclear protein,,Q8NEY8,2026-04-17 03:31:13.775799+00:00,
CHEMBL1795185,2026-04-17 03:31:13.775799+00:00,,,,,,,,,BRDT,Bromodomain testis-specific protein,,,,,,BRDT,Epigenetic reader,,Q58F21,2026-04-17 03:31:13.775799+00:00,
CHEMBL5724771,2026-04-17 03:31:13.775799+00:00,,,,,,,,,BICRA,BRD4-interacting chromatin-remodeling complex-associated protein,,,,,,BICRA,Chromatin remodeling,,Q9NZM4,2026-04-17 03:31:13.775799+00:00,
CHEMBL6067126,2026-04-17 03:31:13.775799+00:00,,,,,,,,,TRIM59,Tripartite motif-containing protein 59,,,,,,TRIM59,E3 ligase,,Q8IWR1,2026-04-17 03:31:13.775799+00:00,
CHEMBL5725065,2026-04-17 03:31:13.775799+00:00,,,,,,,,,TOE1,Target of EGR1 protein 1,,,,,,TOE1,Nuclease,,Q96GM8,2026-04-17 03:31:13.775799+00:00,
CHEMBL6067530,2026-04-17 03:31:13.775799+00:00,,,,,,,,,MLST8,Target of rapamycin complex subunit LST8,,,,,,MLST8,mTOR complex,,Q9BVC4,2026-04-17 03:31:13.775799+00:00,
CHEMBL6067147,2026-04-17 03:31:13.775799+00:00,,,,,,,,,HEATR6,HEAT repeat-containing protein 6,,,,,,HEATR6,Unknown,,Q6AI08,2026-04-17 03:31:13.775799+00:00,
CHEMBL6136,2026-04-17 03:32:12.154155+00:00,,,,,,,,,SNCB,Beta-synuclein,,,,,,SNCB,Structural protein,,Q16143,2026-04-17 03:32:12.154155+00:00,
CHEMBL1075145,2026-04-17 03:32:12.154155+00:00,,,,,,,,,PRNP,Major prion protein,,,,,,PRNP,Prion protein,,P04156,2026-04-17 03:32:12.154155+00:00,
CHEMBL1795126,2026-04-17 03:32:12.154155+00:00,,,,,,,,,PARK7,Parkinsonism associated deglycase,,,,,,PARK7,Enzyme,,Q99497,2026-04-17 03:32:12.154155+00:00,
CHEMBL2095173,2026-04-17 03:32:12.154155+00:00,,,,,,,,,PINK1,PTEN-induced kinase 1,,,,,,PINK1,Serine/threonine kinase,,Q9BXM7,2026-04-17 03:32:12.154155+00:00,
CHEMBL1293289,2026-04-17 03:32:12.154155+00:00,,,,,,,,,PRKN,E3 ubiquitin-protein ligase parkin,,,,,,PRKN,E3 ligase,,O60260,2026-04-17 03:32:12.154155+00:00,
CHEMBL5855,2026-04-17 03:32:12.154155+00:00,,,,,,,,,HSD17B10,3-hydroxyacyl-CoA dehydrogenase type-2,,,,,,HSD17B10,Enzyme,,Q99714,2026-04-17 03:32:12.154155+00:00,
CHEMBL1871,2026-04-17 03:37:13.006169+00:00,,,,,,,,,AR,Androgen receptor,,,,,,AR,Nuclear receptor,,P10275,2026-04-17 03:37:13.006169+00:00,
CHEMBL236,2026-04-17 03:32:12.154155+00:00,,,,,,,,,OPRD1,Delta-type opioid receptor,,,,,,OPRD1,GPCR,,P41143,2026-04-17 03:32:12.154155+00:00,
CHEMBL237,2026-04-17 03:37:13.006169+00:00,,,,,,,,,OPRK1,Kappa-type opioid receptor,,,,,,OPRK1,GPCR,,P41145,2026-04-17 03:37:13.006169+00:00,
CHEMBL2014,2026-04-17 03:37:13.006169+00:00,,,,,,,,,ORL1,Nociceptin receptor,,,,,,ORL1,GPCR,,P41146,2026-04-17 03:37:13.006169+00:00,
CHEMBL4018,2026-04-17 03:37:13.006169+00:00,,,,,,,,,NPY2R,Neuropeptide Y receptor type 2,,,,,,NPY2R,GPCR,,P49146,2026-04-17 03:37:13.006169+00:00,
CHEMBL251,2026-04-17 03:32:12.154155+00:00,,,,,,,,,NPY1R,Neuropeptide Y receptor type 1,,,,,,NPY1R,GPCR,,P25929,2026-04-17 03:32:12.154155+00:00,
CHEMBL253,2026-04-17 03:32:12.154155+00:00,,,,,,,,,CNR2,Cannabinoid receptor 2,,,,,,CNR2,GPCR,,P34972,2026-04-17 03:32:12.154155+00:00,
CHEMBL4302,2026-04-17 03:32:12.154155+00:00,,,,,,,,,ABCB1,P-glycoprotein 1,,,,,,ABCB1,Transporter,,P08183,2026-04-17 03:32:12.154155+00:00,
CHEMBL3238,2026-04-17 03:37:13.006169+00:00,,,,,,,,,CPT2,Carnitine O-palmitoyltransferase 2,,,,,,CPT2,Enzyme,,P23786,2026-04-17 03:37:13.006169+00:00,
CHEMBL1075322,2026-04-17 03:32:12.154155+00:00,,,,,,,,,PSEN1,Presenilin-1,,,,,,PSEN1,Protease,,P49768,2026-04-17 03:32:12.154155+00:00,
CHEMBL4561,2026-04-17 03:32:12.154155+00:00,,,,,,,,,DYRK1A,Dual specificity tyrosine-phosphorylation-regulated kinase 1A,,,,,,DYRK1A,Kinase,,Q9NRD8,2026-04-17 03:32:12.154155+00:00,
CHEMBL5719,2026-04-17 03:32:12.154155+00:00,,,,,,,,,RIPK2,Receptor-interacting serine/threonine-protein kinase 2,,,,,,RIPK2,Serine/threonine kinase,,O43353,2026-04-17 03:32:12.154155+00:00,
CHEMBL2111355,2026-04-17 03:32:12.154155+00:00,,,,,,,,,PIN1,Peptidyl-prolyl cis-trans isomerase NIMA-interacting 1,,,,,,PIN1,Enzyme,,Q13526,2026-04-17 03:32:12.154155+00:00,
CHEMBL2111442,2026-04-17 03:32:12.154155+00:00,,,,,,,,,KLF5,Krueppel-like factor 5,,,,,,KLF5,Transcription factor,,Q13887,2026-04-17 03:32:12.154155+00:00,
CHEMBL4662,2026-04-17 03:32:12.154155+00:00,,,,,,,,,TP63,Tumor protein p63,,,,,,TP63,Transcription factor,,Q9H3D4,2026-04-17 03:32:12.154155+00:00,
CHEMBL2034,2026-04-17 03:32:12.154155+00:00,,,,,,,,,NR3C1,Glucocorticoid receptor,,,,,,NR3C1,Nuclear receptor,,P04150,2026-04-17 03:32:12.154155+00:00,
CHEMBL4005,2026-04-17 03:32:12.154155+00:00,,,,,,,,,LRRK2,Leucine-rich repeat serine/threonine-protein kinase 2,,,,,,LRRK2,Serine/threonine kinase,,Q9Y468,2026-04-17 03:32:12.154155+00:00,
CHEMBL5932,2026-04-17 03:37:13.006169+00:00,,,,,,,,,EEF2K,Eukaryotic elongation factor 2 kinase,,,,,,EEF2K,Kinase,,P48549,2026-04-17 03:37:13.006169+00:00,
CHEMBL2524,2026-04-17 03:32:12.154155+00:00,,,,,,,,,GLA,Alpha-galactosidase A,,,,,,GLA,Enzyme,,P06280,2026-04-17 03:32:12.154155+00:00,
CHEMBL3396,2026-04-17 03:37:13.006169+00:00,,,,,,,,,PKM,Pyruvate kinase PKM,,,,,,PKM,Enzyme,,P14618,2026-04-17 03:37:13.006169+00:00,
CHEMBL287,2026-04-17 03:32:12.154155+00:00,,,,,,,,,SIGMAR1,Sigma non-opioid intracellular receptor 1,,,,,,SIGMAR1,Receptor,,Q99720,2026-04-17 03:32:12.154155+00:00,
CHEMBL1899,2026-04-17 03:32:12.154155+00:00,,,,,,,,,HTR3A,5-hydroxytryptamine receptor 3A,,,,,,HTR3A,Ion channel,,P46098,2026-04-17 03:32:12.154155+00:00,
CHEMBL226,2026-04-17 03:37:13.006169+00:00,,,,,,,,,ADORA1,Adenosine receptor A1,,,,,,ADORA1,GPCR,,P30542,2026-04-17 03:37:13.006169+00:00,
CHEMBL251,2026-04-17 03:37:13.006169+00:00,,,,,,,,,ADORA2A,Adenosine receptor A2a,,,,,,ADORA2A,GPCR,,P29274,2026-04-17 03:37:13.006169+00:00,
CHEMBL4794,2026-04-17 03:32:12.154155+00:00,,,,,,,,,TRPV1,Transient receptor potential cation channel subfamily V member 1,,,,,,TRPV1,Ion channel,,Q8NER1,2026-04-17 03:32:12.154155+00:00,
CHEMBL4036,2026-04-17 03:32:12.154155+00:00,,,,,,,,,CDK5,Cyclin-dependent-like kinase 5,,,,,,CDK5,Kinase,,Q00535,2026-04-17 03:32:12.154155+00:00,
CHEMBL6110,2026-04-17 03:32:12.154155+00:00,,,,,,,,,YWHAB,14-3-3 protein beta/alpha,,,,,,YWHAB,Signaling,,P31946,2026-04-17 03:32:12.154155+00:00,
CHEMBL2185,2026-04-17 03:32:12.154155+00:00,,,,,,,,,AURKB,Aurora kinase B,,,,,,AURKB,Kinase,,Q96GD4,2026-04-17 03:32:12.154155+00:00,
CHEMBL4358,2026-04-17 03:32:12.154155+00:00,,,,,,,,,BACE2,Beta-secretase 2,,,,,,BACE2,Protease,,O43462,2026-04-17 03:32:12.154155+00:00,
CHEMBL5017,2026-04-17 03:32:12.154155+00:00,,,,,,,,,SMARCA4,Transcription activator BRG1,,,,,,SMARCA4,Epigenetic regulator,,P51532,2026-04-17 03:32:12.154155+00:00,
CHEMBL5145,2026-04-17 03:32:12.154155+00:00,,,,,,,,,PSMA1,Proteasome subunit alpha type-1,,,,,,PSMA1,Protease,,P25786,2026-04-17 03:32:12.154155+00:00,
CHEMBL6150,2026-04-17 03:32:12.154155+00:00,,,,,,,,,MAP2,Microtubule-associated protein 2,,,,,,MAP2,Structural protein,,P11137,2026-04-17 03:32:12.154155+00:00,
CHEMBL3310,2026-04-17 03:32:12.154155+00:00,,,,,,,,,CHUK,Inhibitor of nuclear factor kappa-B kinase subunit alpha,,,,,,CHUK,Kinase,,O15111,2026-04-17 03:32:12.154155+00:00,
CHEMBL1865,2026-04-17 03:32:12.154155+00:00,,,,,,,,,HDAC6,Histone deacetylase 6,,,,,,HDAC6,Epigenetic regulator,,Q9UBN7,2026-04-17 03:32:12.154155+00:00,
CHEMBL5653,2026-04-17 03:32:12.154155+00:00,,,,,,,,,PRKACA,cAMP-dependent protein kinase catalytic subunit alpha,,,,,,PRKACA,Kinase,,P17612,2026-04-17 03:32:12.154155+00:00,
CHEMBL1969,2026-04-17 03:32:12.154155+00:00,,,,,,,,,TH,Tyrosine 3-monooxygenase,,,,,,TH,Enzyme,,P07101,2026-04-17 03:32:12.154155+00:00,
CHEMBL6025,2026-04-17 03:32:12.154155+00:00,,,,,,,,,PSEN2,Presenilin-2,,,,,,PSEN2,Protease,,P49810,2026-04-17 03:32:12.154155+00:00,
CHEMBL1911,2026-04-17 03:32:12.154155+00:00,,,,,,,,,ALDH5A1,Succinate-semialdehyde dehydrogenase,,,,,,ALDH5A1,Enzyme,,P51649,2026-04-17 03:32:12.154155+00:00,
CHEMBL2689,2026-04-17 03:32:12.154155+00:00,,,,,,,,,TNFRSF14,Tumor necrosis factor receptor superfamily member 14,,,,,,TNFRSF14,Receptor,,Q92956,2026-04-17 03:32:12.154155+00:00,
CHEMBL6167,2026-04-17 03:32:12.154155+00:00,,,,,,,,,TREM2,Triggering receptor expressed on myeloid cells 2,,,,,,TREM2,Receptor,,Q96RU7,2026-04-17 03:32:12.154155+00:00,
CHEMBL5747,2026-04-17 03:37:13.006169+00:00,,,,,,,,,HINT1,Histidine triad nucleotide-binding protein 1,,,,,,HINT1,Enzyme,,P49773,2026-04-17 03:37:13.006169+00:00,
CHEMBL5855,2026-04-17 03:37:13.006169+00:00,,,,,,,,,STS,Steroid sulfatase,,,,,,STS,Enzyme,,P22304,2026-04-17 03:37:13.006169+00:00,
CHEMBL3717,2026-04-17 03:32:12.154155+00:00,,,,,,,,,CSF1R,Macrophage colony-stimulating factor 1 receptor,,,,,,CSF1R,Receptor tyrosine kinase,,P07333,2026-05-09 07:54:31.324469+00:00,
CHEMBL2111351,2026-04-17 03:37:13.006169+00:00,,,,,,,,,GRK3,G protein-coupled receptor kinase 3,,,,,,GRK3,Kinase,,Q9UQ05,2026-04-17 03:37:13.006169+00:00,
CHEMBL2111348,2026-04-17 03:32:12.154155+00:00,,,,,,,,,CHRNA4,Neuronal acetylcholine receptor subunit alpha-4,,,,,,CHRNA4,Ion channel,,P43681,2026-04-17 03:32:12.154155+00:00,
CHEMBL1855,2026-04-17 03:32:12.154155+00:00,,,,,,,,,CXCL14,C-X-C motif chemokine 14,,,,,,CXCL14,Cytokine,,Q9NZQ8,2026-04-17 03:32:12.154155+00:00,
CHEMBL5111,2026-04-17 03:37:13.006169+00:00,,,,,,,,,GAMT,Guanidinoacetate N-methyltransferase,,,,,,GAMT,Enzyme,,Q14353,2026-04-17 03:37:13.006169+00:00,
CHEMBL2111440,2026-04-17 03:37:13.006169+00:00,,,,,,,,,NUMBL,Numb-like protein,,,,,,NUMBL,Signaling,,Q9Y6R0,2026-04-17 03:37:13.006169+00:00,
CHEMBL6002,2026-04-17 03:32:12.154155+00:00,,,,,,,,,SLC6A6,Sodium- and chloride-dependent taurine transporter,,,,,,SLC6A6,Transporter,,Q9Y345,2026-04-17 03:32:12.154155+00:00,
CHEMBL3116,2026-04-17 03:32:12.154155+00:00,,,,,,,,,GRM1,Metabotropic glutamate receptor 1,,,,,,GRM1,GPCR,,Q13255,2026-04-17 03:32:12.154155+00:00,
CHEMBL5137,2026-04-17 03:32:12.154155+00:00,,,,,,,,,GRM8,Metabotropic glutamate receptor 8,,,,,,GRM8,GPCR,,O00222,2026-04-17 03:32:12.154155+00:00,
CHEMBL3351,2026-04-17 03:37:13.006169+00:00,,,,,,,,,GRM4,Metabotropic glutamate receptor 4,,,,,,GRM4,GPCR,,O15303,2026-04-17 03:37:13.006169+00:00,
CHEMBL5855,2026-04-17 03:32:12.154155+00:00,,,,,,,,,HNRNPH1,Heterogeneous nuclear ribonucleoprotein H,,,,,,HNRNPH1,RNA-binding protein,,P31943,2026-04-17 03:32:12.154155+00:00,
CHEMBL2111357,2026-04-17 03:37:13.006169+00:00,,,,,,,,,GRK6,G protein-coupled receptor kinase 6,,,,,,GRK6,Kinase,,Q16478,2026-04-17 03:37:13.006169+00:00,
CHEMBL4111,2026-04-17 03:32:12.154155+00:00,,,,,,,,,ACE2,ACE2,,,,,,ACE2,,,Q9BYF1,2026-04-17 03:32:12.154155+00:00,
CHEMBL227,2026-04-17 03:32:12.154155+00:00,,,,,,,,,AGTR1,AGTR1,,,,,,AGTR1,,,P30556,2026-04-17 03:32:12.154155+00:00,
CHEMBL210,2026-04-17 03:32:12.154155+00:00,,,,,,,,,ADRB2,Beta-2 adrenergic receptor,,,,,,ADRB2,GPCR,,P07550,2026-04-17 03:32:12.154155+00:00,
CHEMBL216,2026-04-17 03:32:12.154155+00:00,,,,,,,,,ADRA2A,Alpha-2A adrenergic receptor,,,,,,ADRA2A,GPCR,,P08913,2026-04-17 03:32:12.154155+00:00,
CHEMBL250,2026-04-17 03:32:12.154155+00:00,,,,,,,,,PTAFR,Platelet-activating factor receptor,,,,,,PTAFR,GPCR,,P25105,2026-04-17 03:32:12.154155+00:00,
CHEMBL1824,2026-04-17 03:32:12.154155+00:00,,,,,,,,,INS,INS,,,,,,INS,,,P01308,2026-04-17 03:32:12.154155+00:00,
CHEMBL2107,2026-04-17 03:32:12.154155+00:00,,,,,,,,,KCNJ11,KCNJ11,,,,,,KCNJ11,,,Q9Y5S1,2026-04-17 03:32:12.154155+00:00,
CHEMBL4829,2026-04-17 03:32:12.154155+00:00,,,,,,,,,ABCC9,ATP-sensitive inward rectifier potassium channel 9,,,,,,ABCC9,Ion channel,,O60706,2026-04-17 03:32:12.154155+00:00,
CHEMBL1075229,2026-04-17 03:32:12.154155+00:00,,,,,,,,,CACNA1C,CACNA1C,,,,,,CACNA1C,,,Q01668,2026-04-17 03:32:12.154155+00:00,
CHEMBL2096618,2026-04-17 03:32:12.154155+00:00,,,,,,,,,CACNA1D,CACNA1D,,,,,,CACNA1D,,,Q13936,2026-04-17 03:32:12.154155+00:00,
CHEMBL4441,2026-04-17 03:32:12.154155+00:00,,,,,,,,,PTGIR,PTGIR,,,,,,PTGIR,,,P47747,2026-04-17 03:32:12.154155+00:00,
CHEMBL204,2026-04-17 03:32:12.154155+00:00,,,,,,,,,F2,F2,,,,,,F2,,,P00734,2026-04-17 03:32:12.154155+00:00,
CHEMBL244,2026-04-17 03:32:12.154155+00:00,,,,,,,,,F10,F10,,,,,,F10,,,P00742,2026-04-17 03:32:12.154155+00:00,
CHEMBL220,2026-04-17 03:32:12.154155+00:00,,,,,,,,,PECAM1,PECAM1,,,,,,PECAM1,,,P16284,2026-04-17 03:32:12.154155+00:00,
CHEMBL4005,2026-04-17 03:32:12.154155+00:00,,,,,,,,,ITGA2B,ITGA2B,,,,,,ITGA2B,,,P08514,2026-04-17 03:32:12.154155+00:00,
CHEMBL239,2026-04-17 03:32:12.154155+00:00,,,,,,,,,PPARA,PPARA,,,,,,PPARA,,,Q07869,2026-04-17 03:32:12.154155+00:00,
CHEMBL3889,2026-04-17 03:32:12.154155+00:00,,,,,,,,,PPARD,PPARD,,,,,,PPARD,,,Q9Y5Y7,2026-04-17 03:32:12.154155+00:00,
CHEMBL1808,2026-04-17 03:32:12.154155+00:00,,,,,,,,,ACE,Angiotensin-converting enzyme,,,,,,ACE,Enzyme,,P12821,2026-04-17 03:32:12.154155+00:00,
CHEMBL1825,2026-04-17 03:32:12.154155+00:00,,,,,,,,,NLRP3,NLRP3,,,,,,NLRP3,,,Q96P20,2026-05-09 07:54:27.869239+00:00,
CHEMBL230,2026-04-17 03:32:12.154155+00:00,,,,,,,,,ALOX12,ALOX12,,,,,,ALOX12,,,P18054,2026-05-09 07:54:35.055730+00:00,
CHEMBL1955,2026-04-17 03:31:13.775799+00:00,,,,,,,,,FLT3,Receptor-type tyrosine-protein kinase FLT3,,,,,,FLT3,Receptor tyrosine kinase,,P36888,2026-05-09 07:54:37.068288+00:00,
CHEMBL1827,2026-04-17 03:32:12.154155+00:00,,,,,,,,,NOS1,NOS1,,,,,,NOS1,,,P29474,2026-04-17 03:32:12.154155+00:00,
CHEMBL5357,2026-04-17 03:32:12.154155+00:00,,,,,,,,,ADIPOQ,ADIPOQ,,,,,,ADIPOQ,,,Q15848,2026-04-17 03:32:12.154155+00:00,
CHEMBL2907,2026-04-17 03:32:12.154155+00:00,,,,,,,,,IL2,IL2,,,,,,IL2,,,P60568,2026-04-17 03:32:12.154155+00:00,
CHEMBL2111357,2026-04-17 03:31:13.775799+00:00,,,,,,,,,MYC,Myc proto-oncogene protein,,,,,,MYC,Transcription factor,,P01106,2026-04-17 03:31:13.775799+00:00,
CHEMBL6009,2026-04-17 03:32:12.154155+00:00,,,,,,,,,GNB5,Guanine nucleotide-binding protein subunit beta-5,,,,,,GNB5,Signaling,,P28566,2026-04-17 03:32:12.154155+00:00,
CHEMBL2611,2026-04-17 03:32:12.154155+00:00,,,,,,,,,HIF1A,HIF1A,,,,,,HIF1A,,,Q16665,2026-04-17 03:32:12.154155+00:00,
CHEMBL1741186,2026-04-17 03:31:13.775799+00:00,,,,,,,,,BRD4,Bromodomain-containing protein 4,,,,,,BRD4,Epigenetic regulator,,O60885,2026-04-17 03:31:13.775799+00:00,
CHEMBL2039,2026-04-17 03:32:12.154155+00:00,,,,,,,,,MAOB,Amine oxidase B,,,,,,MAOB,Enzyme,,P27338,2026-04-17 03:32:12.154155+00:00,
CHEMBL1075145,2026-04-17 03:32:12.154155+00:00,,,,,,,,,GATA4,GATA4,,,,,,GATA4,,,P50440,2026-04-17 03:32:12.154155+00:00,
CHEMBL3976,2026-04-17 03:32:12.154155+00:00,,,,,,,,,GABRA4,GABRA4,,,,,,GABRA4,,,P48169,2026-04-17 03:32:12.154155+00:00,
CHEMBL1913,2026-04-17 03:32:12.154155+00:00,,,,,,,,,SLC12A3,SLC12A3,,,,,,SLC12A3,,,P55018,2026-04-17 03:32:12.154155+00:00,
CHEMBL340,2026-04-17 03:32:12.154155+00:00,,,,,,,,,GIPR,GIPR,,,,,,GIPR,,,Q99527,2026-04-17 03:32:12.154155+00:00,
CHEMBL1985,2026-04-17 03:32:12.154155+00:00,,,,,,,,,GCGR,GCGR,,,,,,GCGR,,,P47871,2026-04-17 03:32:12.154155+00:00,
CHEMBL2111380,2026-04-17 03:32:12.154155+00:00,,,,,,,,,LPL,LPL,,,,,,LPL,,,P06858,2026-04-17 03:32:12.154155+00:00,
CHEMBL6035,2026-04-17 03:32:12.154155+00:00,,,,,,,,,SCD,SCD,,,,,,SCD,,,O00767,2026-04-17 03:32:12.154155+00:00,
CHEMBL2689,2026-04-17 03:32:12.154155+00:00,,,,,,,,,CR1,CR1,,,,,,CR1,,,P20023,2026-04-17 03:32:12.154155+00:00,
CHEMBL3880,2026-04-17 03:32:12.154155+00:00,,,,,,,,,SHBG,SHBG,,,,,,SHBG,,,P04278,2026-04-17 03:32:12.154155+00:00,
CHEMBL2111353,2026-04-17 03:32:12.154155+00:00,,,,,,,,,PCSK9,PCSK9,,,,,,PCSK9,,,P29120,2026-04-17 03:32:12.154155+00:00,
CHEMBL1075229,2026-04-17 03:32:12.154155+00:00,,,,,,,,,APOE,APOE,,,,,,APOE,,,P02649,2026-04-17 03:32:12.154155+00:00,
CHEMBL2111440,2026-04-17 03:32:12.154155+00:00,,,,,,,,,APOB,APOB,,,,,,APOB,,,P04114,2026-04-17 03:32:12.154155+00:00,
CHEMBL4722,2026-04-17 03:32:12.154155+00:00,,,,,,,,,APOA1,APOA1,,,,,,APOA1,,,P02647,2026-04-17 03:32:12.154155+00:00,
CHEMBL2903,2026-04-17 03:32:12.154155+00:00,,,,,,,,,ANGPTL3,ANGPTL3,,,,,,ANGPTL3,,,Q9BXS1,2026-04-17 03:32:12.154155+00:00,
CHEMBL2111358,2026-04-17 03:32:12.154155+00:00,,,,,,,,,HRG,HRG,,,,,,HRG,,,P04196,2026-04-17 03:32:12.154155+00:00,
CHEMBL3880,2026-04-17 03:32:12.154155+00:00,,,,,,,,,LTBP3,LTBP3,,,,,,LTBP3,,,Q9NS15,2026-04-17 03:32:12.154155+00:00,
CHEMBL5855,2026-04-17 03:32:12.154155+00:00,,,,,,,,,PLTP,PLTP,,,,,,PLTP,,,P55058,2026-04-17 03:32:12.154155+00:00,
CHEMBL2111351,2026-04-17 03:32:12.154155+00:00,,,,,,,,,FGA,FGA,,,,,,FGA,,,P02671,2026-04-17 03:32:12.154155+00:00,
CHEMBL2111442,2026-04-17 03:32:12.154155+00:00,,,,,,,,,FGG,FGG,,,,,,FGG,,,P02679,2026-04-17 03:32:12.154155+00:00,
CHEMBL3267,2026-04-17 03:32:12.154155+00:00,,,,,,,,,PIK3CG,PIK3CG,,,,,,PIK3CG,,,P48736,2026-04-17 03:32:12.154155+00:00,
CHEMBL2842,2026-04-17 03:31:13.775799+00:00,,,,,,,,,MTOR,Serine/threonine-protein kinase mTOR,,,,,,MTOR,Serine/threonine kinase,,P42345,2026-04-17 03:31:13.775799+00:00,
CHEMBL215,2026-04-17 03:32:12.154155+00:00,,,,,,,,,ALOX5,ALOX5,,,,,,ALOX5,,,P09917,2026-04-17 03:32:12.154155+00:00,
CHEMBL1900,2026-04-17 03:32:12.154155+00:00,,,,,,,,,AKR1B1,AKR1B1,,,,,,AKR1B1,,,P15121,2026-04-17 03:32:12.154155+00:00,
CHEMBL4481,2026-04-17 03:32:12.154155+00:00,,,,,,,,,NOS2,NOS2,,,,,,NOS2,,,P35228,2026-04-17 03:32:12.154155+00:00,
CHEMBL3890,2026-04-17 03:32:12.154155+00:00,,,,,,,,,SELE,SELE,,,,,,SELE,,,P16581,2026-04-17 03:32:12.154155+00:00,
CHEMBL1825,2026-04-17 03:32:12.154155+00:00,,,,,,,,,TNF,TNF,,,,,,TNF,,,P01375,2026-04-17 03:32:12.154155+00:00,
CHEMBL1795129,2026-04-17 03:32:12.154155+00:00,,,,,,,,,IL6,IL6,,,,,,IL6,,,P05231,2026-04-17 03:32:12.154155+00:00,
CHEMBL4895,2026-04-17 03:32:12.154155+00:00,,,,,,,,,AXL,AXL,,,,,,AXL,,,P30530,2026-04-17 03:32:12.154155+00:00,
CHEMBL2157,2026-04-17 03:32:12.154155+00:00,,,,,,,,,CXCL8,CXCL8,,,,,,CXCL8,,,P10145,2026-04-17 03:32:12.154155+00:00,
CHEMBL1855,2026-04-17 03:32:12.154155+00:00,,,,,,,,,GNRHR,GNRHR,,,,,,GNRHR,,,P30968,2026-04-17 03:32:12.154155+00:00,
